Name,Domain,StarRating,City
پارس نیوشانیک,newshanik.ir,5,تهران
برتر دیجیتال,bartardigital.com,5,تبریز
هایپر تایر,hypertire.com,5,تهران
سفرهای علی بابا,alibaba.ir,5,شمیرانات
شب,shab.ir,5,شمیرانات
تلکام,telecom.ir,5,تهران
جی جی مو,jijimoo.com,5,تهران
تامین پیشرو شار,tsharonline.com,5,تهران
زمردی,zomorodi.com,5,تهران
فروشگاه رسمی اینترنتی صنایع چینی زرین ایران,zarinhome.com,5,تهران
آواژنگ,avajang.com,5,تهران
ایسام,esam.ir,5,تهران
زر,zar.ir,5,تهران
ایده برتر پارسیان خاورمیانه,ebpnovin.com,5,تهران
قهوه ست,set-coffee.com,5,پاکدشت
داروخانه مرکزی جمالزاده,darukade.com,5,تهران
هاست ایران,hostiran.net,5,تهران
مرکز ماشینهای اداری کیومیتا,qmita.com,5,تهران
دیجی کالا,digikala.com,5,تهران
پُلوار,polvar.com,5,اصفهان
کالاتیک,kalatik.com,5,تهران
فروشگاه میکرو مدرن,micmodshop.ir,5,تهران
آچاره,achareh.co,5,تهران
خودران وفا,vafa.ir,5,تهران
کالا بازار,kalabazar.com,5,همدان
طلا ، سکه و جواهرات جلودار ( گلدر کالا ),golderkala.com,5,بوشهر
داریا همراه پایتخت,dariahamrah.ir,5,تهران
طب کاران پلیمر,picnic-brand.com,5,تهران
دیجیتال شاپ,digitalshop.ir,5,تهران
تکنولایف,technolife.ir,5,تهران
باغ کالا,baghekala.com,5,تهران
ایران آیلند,iraneyeland.com,5,تهران
موبایل 140,mobile140.com,5,تهران
کامپیوتر مرکزی,markazi.co,4,شیراز
برنس,bornosmode.com,4,تهران
پیشتازان فناوری سیب طلایی,ctelecom.ir,4,تهران
تست سارا,test-sara.com,4,تهران
فروشگاه اینترنتی شهر فافا,fafait.net,4,تهران
آریا تجارت گستر احسان,entekhabcenter.com,4,شمیرانات
یوبایل,ubile.ir,4,تهران
پایانه,payaneh.ir,4,تهران
فروشگاه اینترنتی مدیسه,modiseh.com,4,تهران
ماتریس,shop.matris.co.ir,4,تهران
مرکزخرید,markazkharid.com,4,تهران
گاج مارکت,gajmarket.com,4,تهران
میلانوشاپ,milanooshop.com,4,اصفهان
فروشگاه اینترنتی آ اس پ,aspshop.ir,4,تهران
فروشگاه اینترنتی تندیس سرویس,shop.tandisservice.ir,4,تهران
کاریان همراه,karianhamrah.com,4,تهران
ویترین,vitrin.shop,4,تهران
نوآوران راهبرد سپهر پایا,jibimo.com,4,تهران
مهسان (برند),shop.mahsun.com,4,تهران
یوپ شاپ,yopshop.ir,4,ارومیه
گاجینو,gajino.com,4,تهران
نی نی لند,niniland-shop.com,4,تهران
مبیت,mobit.ir,4,کرمان
زیبال,zibal.ir,4,تهران
یدک پارس,yadakpars.com,4,ورامین
فروش حافظه سامسونگ,shopmit.com,4,تهران
درمان کالا,darmankala.com,4,تهران
فروش سیمکارت,rondtarin.com,3,بندرلنگه
اندمود,endmood.com,3,تهران
آی بولک,ibolak.com,3,گرگان
داتیس,datisint.com,3,تهران
آسا الکترونیک,asa-elec.com,3,تهران
فروشگاه اینترنتی پلازا,plazadigital.ir,3,تهران
تراز ایران,taraziran.com,3,تهران
مکس بکس,maxbax.com,3,آستانه اشرفیه
فروشگاه عرشیا,arshia365.com,3,شیراز
فروشگاه اینترنتی شاپ,shop.ir,3,تهران
شارژبوک,sharjbook.com,3,تهران
آزمایشگاه متالورژی حامیران,hamiranmetallurgy.com,3,تهران
ایران کارادیو,irancaraudio.com,3,تهران
زیما,zimalab.co,3,تهران
راف نت,rafnet.ir,3,تهران
آهن پرایس,ahanprice.com,3,تهران
فولاد حامیران,hamiransteel.com,3,تهران
شهر باتری,shahrebattery.com,3,اصفهان
نوبهار,nobahar.net,3,تهران
جالبو,jalbo.net,3,شیراز
سورس کامپیوتر,source-computer.com,3,شیراز
خدمات بهداشتی و درمانی,tehranlab.com,3,تهران
مهندسی صفر و یک پرداز,0-1.ir,3,تهران
گوشی شاپ,gooshishop.com,3,تهران
بازار طلا,bazaretala.com,3,ری
زرین پال,zarinpal.com,3,تهران
فروشگاه ادمیس,admis.ir,3,بندرعباس
انتشارات آثار برات,baratbooks.com,3,تهران
آماتامد,amatamod.com,3,تهران
ترازایران,slicer.ir,3,تهران
